material_code,original_filename,downloaded_as
WHSBCK0297,Rectifier_260521_014456.jpg,WHSBCK0297.jpg
WHSBCK0283,CO2-Pressure-Regulator-with-Flowmeter-and-Heater-for-Cutting-and-Welding.avif,WHSBCK0283.avif
WHSBCK0120,Regulator LPG_230711_024938.jpg,WHSBCK0120.jpg
WHSBCK0121,Regulator Oksigen_230711_025104.jpg,WHSBCK0121.jpg
WHSBCK0216,Rellay Omron MY4N 220VAC_240130_020732.jpeg,WHSBCK0216.jpeg
WHSBCK0217,Rellay Omron MY4N 24VDC_240130_020922.jpeg,WHSBCK0217.jpeg
WHSBCK0214,Remot Wireles_240130_020236.jpeg,WHSBCK0214.jpeg
WHSBCK0206,Sapu Panjang_240113_090948.jpeg,WHSBCK0206.jpeg
WHSBCK0124,Sapu Plastik_230711_025832.png,WHSBCK0124.png
WHSBCK0125,Sarung Tangan Kombinasi_230711_032512.jpg,WHSBCK0125.jpg